Need ID,SkillsetID1,Day,Task Start Time,,Task End Time,Allowable Positive Deviation (hrs),Allowble Negative Deviation (hrs),Room
2001,C,M,8:00,0:30,8:30,1:00,1:00,A
2002,D,M,18:30,0:30,19:00,1:00,1:00,B
2003,A,M,8:00,1:00,9:00,1:00,1:00,C
2004,D,M,8:30,0:45,9:15,1:00,1:00,A
2005,C,M,9:00,0:30,9:30,1:00,1:00,B
2006,E,M,9:00,0:45,9:45,1:00,1:00,C
2007,D,M,9:30,0:45,10:15,1:00,1:00,A
2008,E,M,10:00,0:30,10:30,1:00,1:00,B
2009,E,M,10:00,0:45,10:45,1:00,1:00,C
2010,A,M,11:00,0:30,11:30,1:00,1:00,A
2011,B,M,11:00,0:30,11:30,1:00,1:00,B
2012,D,M,10:30,1:00,11:30,1:00,1:00,C
2013,A,M,11:30,0:45,12:15,1:00,1:00,A
2014,B,M,12:00,0:30,12:30,1:00,1:00,B
2015,E,M,12:00,0:30,12:30,1:00,1:00,C
2016,E,M,12:30,0:45,13:15,1:00,1:00,A
2017,B,M,13:00,0:30,13:30,1:00,1:00,B
2018,E,M,12:30,1:30,14:00,1:00,1:00,C
2019,B,M,13:30,0:45,14:15,1:00,1:00,A
2020,A,M,13:30,0:45,14:15,1:00,1:00,B
2021,C,M,14:00,0:30,14:30,1:00,1:00,C
2022,A,M,14:00,1:00,15:00,1:00,1:00,A
2023,C,M,15:30,0:45,16:15,1:00,1:00,B
2024,F,M,15:30,1:00,16:30,1:00,1:00,C
2025,F,M,15:00,1:30,16:30,1:00,1:00,A
2026,D,M,16:00,0:30,16:30,1:00,1:00,B
2027,B,M,17:00,1:00,18:00,1:00,1:00,C
2028,E,M,16:30,1:30,18:00,1:00,1:00,A
2029,D,M,17:30,0:30,18:00,1:00,1:00,B
2030,A,M,18:00,0:30,18:30,1:00,1:00,C
